Time (%),Total Time (ns),Instances,Avg (ns),Med (ns),Min (ns),Max (ns),StdDev (ns),Name
12.0,8039612420,3916,2053016.5,3299246.5,30784,3458903,1553176.0,_qsa_sparse_split_kernel
6.2,4176920280,15120,276251.3,221919.0,130464,378655,71235.7,"void f16acc::gemm_kernel<(bool)1, (int)128, (bool)1>(const __half *, const __half *, void *, int, int, int, int, long long, long long, long long)"
6.0,4025673787,6050,665400.6,662816.5,79072,982368,136254.0,"void exl3_moe_kernel<(int)2, (int)128, (int)2, (int)16>(const __half *, __half *, __half *, __half *, __half *, float *, const unsigned short **, const __half **, const __half **, const unsigned short **, const __half **, const __half **, const unsigned short **, const __half **, const __half **, const long *, const long *, const __half *, int, int, int, int, int, int, float, int, int, int, int, int *, float *, const long *, int, int)"
5.6,3732587948,5250,710969.1,739007.0,410528,809568,75457.3,"void <unnamed>::e3_gateup_kernel<(int)2, (int)2>(const __half *, const __half *, const unsigned short *const *, const unsigned short *const *, const __half *const *, const __half *const *, const __half *const *, __half *, const int *, const int *, const int *, const int *, int, int, float)"
5.1,3432638647,4726,726330.6,752000.0,449503,823456,65298.4,"void <unnamed>::e3_gateup_kernel<(int)3, (int)3>(const __half *, const __half *, const unsigned short *const *, const unsigned short *const *, const __half *const *, const __half *const *, const __half *const *, __half *, const int *, const int *, const int *, const int *, int, int, float)"
4.6,3080612999,23354,131909.4,157216.0,3264,164831,54116.7,"void at::native::vectorized_elementwise_kernel<(int)4, at::native::BinaryFunctor<float, float, float, at::native::binary_internal::MulFunctor<float>>, std::array<char *, (unsigned long)3>>(int, T2, T3)"
4.2,2817701643,20184,139600.8,204720.0,21664,272383,109528.1,"void f16acc::gemm_kernel<(bool)1, (int)64, (bool)1>(const __half *, const __half *, void *, int, int, int, int, long long, long long, long long)"
4.1,2740893452,5446,503285.6,513839.0,125409,967293,276751.3,"void exl3_moe_kernel<(int)3, (int)128, (int)2, (int)16>(const __half *, __half *, __half *, __half *, __half *, float *, const unsigned short **, const __half **, const __half **, const unsigned short **, const __half **, const __half **, const unsigned short **, const __half **, const __half **, const long *, const long *, const __half *, int, int, int, int, int, int, float, int, int, int, int, int *, float *, const long *, int, int)"
4.1,2729236214,56699,48135.5,49984.0,992,93024,32743.0,"void at::native::unrolled_elementwise_kernel<at::native::direct_copy_kernel_cuda(at::TensorIteratorBase &)::[lambda() (instance 3)]::operator ()() const::[lambda() (instance 7)]::operator ()() const::[lambda(float) (instance 1)], std::array<char *, (unsigned long)2>, (int)4, TrivialOffsetCalculator<(int)1, unsigned int>, TrivialOffsetCalculator<(int)1, unsigned int>, at::native::memory::LoadWithCast<(int)1>, at::native::memory::StoreWithCast<(int)1>>(int, T1, T2, T4, T5, T6, T7)"
3.1,2086951082,46587,44796.9,2752.0,1152,114304,51249.7,"void at::native::vectorized_elementwise_kernel<(int)4, at::native::sigmoid_kernel_cuda(at::TensorIteratorBase &)::[lambda() (instance 2)]::operator ()() const::[lambda() (instance 2)]::operator ()() const::[lambda(float) (instance 1)], std::array<char *, (unsigned long)2>>(int, T2, T3)"
2.8,1903510526,19952,95404.5,98880.0,47584,103584,12772.5,"void hc_apply_kernel<(int)4, float, (bool)0, (int)256>(float *, const T2 *, const float *, const float *, int, int)"
2.7,1790418977,36000,49733.9,6400.0,1344,219167,78652.8,"void at::native::elementwise_kernel<(int)128, (int)4, void at::native::gpu_kernel_impl_nocast<at::native::direct_copy_kernel_cuda(at::TensorIteratorBase &)::[lambda() (instance 3)]::operator ()() const::[lambda() (instance 12)]::operator ()() const::[lambda(c10::BFloat16) (instance 1)]>(at::TensorIteratorBase &, const T1 &)::[lambda(int) (instance 1)]>(int, T3)"
2.6,1776033273,5250,338292.1,346384.0,195360,380832,37067.8,"void <unnamed>::e3_down_det_kernel<(int)2>(const __half *, const unsigned short *const *, __half *, const int *, const int *, const int *, const int *, const int *, int, int)"
2.5,1657791658,6050,274015.2,296959.0,52416,463038,80375.6,"void exl3_moe_kernel<(int)2, (int)128, (int)2, (int)32>(const __half *, __half *, __half *, __half *, __half *, float *, const unsigned short **, const __half **, const __half **, const unsigned short **, const __half **, const __half **, const unsigned short **, const __half **, const __half **, const long *, const long *, const __half *, int, int, int, int, int, int, float, int, int, int, int, int *, float *, const long *, int, int)"
2.5,1648913479,20161,81787.3,83872.0,50528,88928,8578.9,void cutlass::Kernel2<cutlass_80_tensorop_f16_s16816gemm_f16_128x128_32x4_tn_align2>(T1::Params)
2.4,1634571130,4726,345867.8,353696.0,208127,387073,32176.4,"void <unnamed>::e3_down_det_kernel<(int)3>(const __half *, const unsigned short *const *, __half *, const int *, const int *, const int *, const int *, const int *, int, int)"
2.2,1486592189,20267,73350.4,73952.0,54208,88896,5360.4,void cutlass::Kernel2<cutlass_80_tensorop_f16_s16816gemm_relu_f16_256x128_32x3_tn_align8>(T1::Params)
2.1,1420765987,23355,60833.5,73088.0,4416,83488,24516.2,"void rms_norm_kernel<(int)0, float, __half, __half, float>(const T2 *, const T4 *, T3 *, T5 *, float, int, int, float, float, int)"
1.9,1288869058,9976,129197.0,132128.0,60512,147872,17194.0,"<unnamed>::e3_gather_kernel(const __half *, const long *, const int *, const __half *const *, const __half *const *, __half *, __half *, const int *, int)"
1.7,1147255831,2768,414471.0,428896.0,43232,472991,54488.8,"void f16acc::gemm_kernel<(bool)0, (int)128, (bool)1>(const __half *, const __half *, void *, int, int, int, int, long long, long long, long long)"
1.7,1146249931,34992,32757.5,32480.0,30880,46816,988.1,void cutlass::Kernel2<cutlass_80_tensorop_f16_s16816gemm_relu_f16_64x128_64x3_nn_align8>(T1::Params)
1.6,1083798995,65432,16563.7,6624.0,5312,50880,13188.3,"void reconstruct_had_kernel<(int)4, (int)2>(__half *, const unsigned short *, const __half *, const __half *, int, int)"
1.5,1001387032,5446,183875.7,146560.0,50944,407199,74563.8,"void exl3_moe_kernel<(int)3, (int)128, (int)2, (int)32>(const __half *, __half *, __half *, __half *, __half *, float *, const unsigned short **, const __half **, const __half **, const unsigned short **, const __half **, const __half **, const unsigned short **, const __half **, const __half **, const long *, const long *, const __half *, int, int, int, int, int, int, float, int, int, int, int, int *, float *, const long *, int, int)"
1.4,943991823,23354,40421.0,47776.0,3872,53408,15707.8,"void at::native::reduce_kernel<(int)128, (int)4, at::native::ReduceOp<float, at::native::MeanOps<float, float, float, float>, unsigned int, float, (int)4, (int)4>>(T3)"
1.1,733951690,9976,73571.7,72032.0,35424,127647,15298.0,"<unnamed>::e3_metadata_kernel(const long *, const long *, const __half *, long *, __half *, int *, int *, int *, int *, int *, int *, int)"
1.1,722968825,9976,72470.8,75136.0,39872,79840,7602.2,"<unnamed>::e3_det_reduce_kernel(float *, const float *, const long *, const long *, const __half *, const long *, const __half *const *, int, int, int)"
0.9,603394943,8712,69260.2,80128.0,9919,87072,24383.6,chunk_gated_delta_rule_fwd_kernel_h_blockdim64
0.9,601378817,9392,64031.0,50672.5,7904,143519,50779.5,"void exl3_gemm_kernel<(int)4, (bool)1, (int)2, (int)16, (int)32, (int)128, (int)4, (int)3>(const __half *, const unsigned short *, void *, int, int, int, int *, const __half *, __half *, const __half *)"
0.8,548564676,7560,72561.5,74176.0,47840,79967,7149.8,_causal_conv1d_update_slotted_output_kernel
0.8,516687223,79808,6474.1,6144.0,5888,8896,666.4,"void at_cuda_detail::cub::DeviceRadixSortOnesweepKernel<at_cuda_detail::cub::DeviceRadixSortPolicy<long, at::cuda::cub::detail::OpaqueType<(int)8>, unsigned long long>::Policy900, (bool)0, long, at::cuda::cub::detail::OpaqueType<(int)8>, unsigned long long, int, int, at_cuda_detail::cub::detail::identity_decomposer_t>(T7 *, T7 *, T5 *, const T5 *, T3 *, const T3 *, T4 *, const T4 *, T6, int, int, T8)"
0.7,478453317,17424,27459.4,3104.0,1312,64704,28790.5,"void at::native::vectorized_elementwise_kernel<(int)4, at::native::bfloat16_copy_kernel_cuda(at::TensorIteratorBase &)::[lambda(float) (instance 1)], std::array<char *, (unsigned long)2>>(int, T2, T3)"
0.6,425673798,5096,83531.0,87264.0,11840,137087,26539.9,"void exl3_gemm_kernel<(int)4, (bool)0, (int)2, (int)16, (int)32, (int)128, (int)4, (int)3>(const __half *, const unsigned short *, void *, int, int, int, int *, const __half *, __half *, const __half *)"
0.6,415414043,8712,47683.0,55456.0,5504,57952,17276.5,chunk_fwd_kernel_o
0.5,364974535,11736,31098.7,47360.0,1536,50720,21667.1,"void gated_rms_norm_kernel<(int)32, __half, __nv_bfloat16, float>(const __nv_bfloat16 *, const T3 *, T2 *, const T4 *, float, int, int, float, int, bool, int)"
0.4,259619229,8712,29800.2,34496.0,5728,38432,10333.1,recompute_w_u_fwd_kernel
0.4,256640060,5536,46358.4,46223.5,14400,103968,21449.9,_dsa_indexer_kernel
0.4,246339333,8712,28275.9,31456.0,12096,33983,7229.8,chunk_gated_delta_rule_fwd_kkt_solve_kernel
0.2,155622219,15570,9995.0,14048.0,2976,15008,5299.2,"routing_std_topk_kernel(const __half *, long *, __half *, const __nv_bfloat16 *, const __half *, int, int, int)"
0.2,152417473,11496,13258.3,15488.0,1632,16736,4882.4,"add_sigmoid_kernel_f(const float *, const float *, float *, unsigned long, unsigned long)"
0.2,141917566,4140,34279.6,52576.0,2304,54880,23613.9,"void rope_kernel<(int)2, (bool)1>(const __half *, __half *, const __half *, __half *, const float *, int, int, int, int, int, int, int, int, int, const unsigned int *, const unsigned int *, float, const void *, const void *, float, float, bool, int, float, int, int, int, int)"
0.2,130671053,224,583352.9,578064.0,572703,600861,9398.5,_paged_attn_prefill_kernel
0.2,121983562,404,301939.5,302639.5,121216,485025,176182.2,void cutlass::Kernel2<cutlass_80_tensorop_f16_s16816gemm_relu_f16_64x256_32x4_nn_align8>(T1::Params)
0.2,117497333,2100,55951.1,56608.0,24800,97695,16268.0,"void exl3_moe_coop_v2_ns::exl3_moe_coop_a_kernel<(int)2, (int)2, (bool)1>(MoeCoopParams)"
0.2,115291626,6292,18323.5,21760.0,3456,28000,8045.4,"void dsa_topk_kernel<(bool)1>(const __half *, int *, int, int, int, int, const int *, int)"
0.2,114158919,23963,4764.0,5248.0,800,43679,2771.2,"void at::native::vectorized_elementwise_kernel<(int)4, at::native::float16_copy_kernel_cuda(at::TensorIteratorBase &)::[lambda(float) (instance 1)], std::array<char *, (unsigned long)2>>(int, T2, T3)"
0.2,109073809,8316,13116.1,11856.0,10560,18144,2087.2,"void gr_v2_dots_i8_kernel<(int)8>(const float *, const signed char *, const float *, float *, int, int, int)"
0.2,103604043,9976,10385.3,10368.0,5408,29631,1688.6,"<unnamed>::e3_det_prep_kernel(const long *, const long *, int *, long *, long *, int, int)"
0.1,97667945,736,132701.0,119424.0,112512,224416,24436.4,"void exl3_moe_kernel<(int)2, (int)128, (int)2, (int)64>(const __half *, __half *, __half *, __half *, __half *, float *, const unsigned short **, const __half **, const __half **, const unsigned short **, const __half **, const __half **, const unsigned short **, const __half **, const __half **, const long *, const long *, const __half *, int, int, int, int, int, int, float, int, int, int, int, int *, float *, const long *, int, int)"
0.1,97587449,688,141842.2,121471.0,112512,291359,35724.0,"void exl3_moe_kernel<(int)3, (int)128, (int)2, (int)64>(const __half *, __half *, __half *, __half *, __half *, float *, const unsigned short **, const __half **, const __half **, const unsigned short **, const __half **, const __half **, const unsigned short **, const __half **, const __half **, const long *, const long *, const __half *, int, int, int, int, int, int, float, int, int, int, int, int *, float *, const long *, int, int)"
0.1,94157053,8316,11322.4,10592.0,8864,15584,1576.3,"void gr_v2_up_i8_state_kernel<(int)8, (bool)1>(const float *, const float *, float *, float *, const signed char *, const float *, const __half *, void *, int, int, int, float)"
0.1,91483756,1932,47351.8,39344.0,27776,98944,17835.9,"void exl3_moe_coop_v2_ns::exl3_moe_coop_a_kernel<(int)3, (int)2, (bool)1>(MoeCoopParams)"
0.1,90491744,13968,6478.5,6464.0,5760,7552,131.4,void cutlass::Kernel2<cutlass_80_tensorop_s16816gemm_f16_64x64_32x10_nn_align8>(T1::Params)
0.1,80751229,20212,3995.2,1888.0,800,27040,2530.8,"void at::native::vectorized_elementwise_kernel<(int)4, at::native::FillFunctor<float>, std::array<char *, (unsigned long)1>>(int, T2, T3)"
0.1,77161570,9976,7734.7,7744.0,6272,9151,334.9,"std::enable_if<!T7, void>::type internal::gemvx::kernel<int, int, __half, float, float, float, (bool)0, (bool)1, (bool)1, (bool)0, (int)6, (bool)0, cublasGemvParamsEx<int, cublasGemvTensorStridedBatched<const __half>, cublasGemvTensorStridedBatched<const float>, cublasGemvTensorStridedBatched<float>, float>>(T13)"
0.1,72892467,4140,17606.9,27008.0,992,31584,12723.5,"deinterleave_qg_kernel(const uint4 *, uint4 *, uint4 *, int, unsigned long)"
0.1,67226987,2604,25816.8,25888.0,24032,30368,816.8,"void exl3_mgemm_kernel<(int)4, (bool)1, (int)2, (int)16, (int)32, (int)256, (int)4, (int)3>(const __half *, const unsigned short **, void *, int, int, int, int *, const __half **, __half *, const __half **, long *, __half *, int, int, int, int, int, const int *, void **, const int *, const int *, int)"
0.1,65915790,4140,15921.7,24528.0,736,27072,11452.5,"mul_sigmoid_kernel_h(__half *, const __half *, unsigned long)"
0.1,62286157,3916,15905.6,19424.0,2368,29152,8942.9,_paged_attn_decode_combine_kernel
0.1,61244947,17424,3515.0,3936.0,928,5152,1032.8,l2norm_fwd_kernel
0.1,59214148,4032,14686.0,14624.0,12544,20736,854.6,"void exl3_mgemm_kernel<(int)4, (bool)0, (int)2, (int)16, (int)32, (int)128, (int)4, (int)3>(const __half *, const unsigned short **, void *, int, int, int, int *, const __half **, __half *, const __half **, long *, __half *, int, int, int, int, int, const int *, void **, const int *, const int *, int)"
0.1,57792880,23233,2487.5,2464.0,2240,3424,95.9,"void at::native::elementwise_kernel<(int)128, (int)4, void at::native::gpu_kernel_impl<at::native::direct_copy_kernel_cuda(at::TensorIteratorBase &)::[lambda() (instance 3)]::operator ()() const::[lambda() (instance 7)]::operator ()() const::[lambda(float) (instance 1)]>(at::TensorIteratorBase &, const T1 &)::[lambda(int) (instance 1)]>(int, T3)"
0.1,54859168,4032,13605.9,13968.0,7200,20160,4940.5,"void exl3_gemv_kernel<(int)4, (bool)1, (int)2, (int)1, (int)0, (bool)0>(const __half *, const unsigned short *, void *, int, int, int, int *, const __half *, __half *, const __half *)"
0.1,54479119,1720,31673.9,31312.0,30656,34080,737.5,void cutlass::Kernel2<cutlass_80_tensorop_f16_s16816gemm_relu_f16_128x64_32x6_nn_align8>(T1::Params)
0.1,51655348,1050,49195.6,48496.0,29152,74112,9467.0,"void exl3_moe_coop_v2_ns::exl3_moe_coop_b_kernel<(int)2, (int)2, (bool)0>(MoeCoopParams)"
0.1,51283603,2912,17611.1,2336.0,1376,246400,50905.2,"void at::native::elementwise_kernel<(int)128, (int)4, void at::native::gpu_kernel_impl_nocast<at::native::direct_copy_kernel_cuda(at::TensorIteratorBase &)::[lambda() (instance 3)]::operator ()() const::[lambda() (instance 10)]::operator ()() const::[lambda(c10::Half) (instance 1)]>(at::TensorIteratorBase &, const T1 &)::[lambda(int) (instance 1)]>(int, T3)"
0.1,50669244,1050,48256.4,48160.0,32928,67296,7091.6,"void exl3_moe_coop_v2_ns::exl3_moe_coop_b_kernel<(int)2, (int)2, (bool)1>(MoeCoopParams)"
0.1,50199483,488,102867.8,95696.0,2944,200320,83037.1,"void at::native::elementwise_kernel<(int)128, (int)4, void at::native::gpu_kernel_impl<at::native::CUDAFunctor_add<float>>(at::TensorIteratorBase &, const T1 &)::[lambda(int) (instance 1)]>(int, T3)"
0.1,45375919,23233,1953.1,1952.0,1600,2752,130.7,"void at::native::elementwise_kernel<(int)128, (int)4, void at::native::gpu_kernel_impl_nocast<at::native::BUnaryFunctor<c10::Half, c10::Half, c10::Half, at::native::binary_internal::MulFunctor<float>>>(at::TensorIteratorBase &, const T1 &)::[lambda(int) (instance 1)]>(int, T3)"
0.1,43287887,966,44811.5,39696.0,33664,73216,10137.9,"void exl3_moe_coop_v2_ns::exl3_moe_coop_b_kernel<(int)3, (int)2, (bool)1>(MoeCoopParams)"
0.1,42718053,11496,3715.9,3712.0,2944,4256,142.0,"void at::native::index_elementwise_kernel<(int)128, (int)4, void at::native::gpu_index_kernel<void at::native::index_kernel_impl<at::native::OpaqueType<(int)8>>(at::TensorIteratorBase &, c10::ArrayRef<long>, c10::ArrayRef<long>)::[lambda(char *, const char *, long) (instance 1)]>(at::TensorIteratorBase &, c10::ArrayRef<long>, c10::ArrayRef<long>, const T1 &, bool)::[lambda(int) (instance 1)]>(long, T3)"
0.1,42507176,966,44003.3,39056.0,30848,78144,12002.7,"void exl3_moe_coop_v2_ns::exl3_moe_coop_b_kernel<(int)3, (int)2, (bool)0>(MoeCoopParams)"
0.1,39832720,11188,3560.3,1152.0,896,11936,4024.8,"void hc_apply_kernel<(int)4, float, (bool)0, (int)32>(float *, const T2 *, const float *, const float *, int, int)"
0.1,39436111,9976,3953.1,3904.0,3776,4736,89.7,"void at::native::_scatter_gather_elementwise_kernel<(int)128, (int)8, void at::native::_cuda_scatter_gather_internal_kernel<(bool)1, long, long>::operator ()<at::native::ReduceAdd>(at::TensorIterator &, long, long, long, const T1 &)::[lambda(int) (instance 1)]>(int, T3)"
0.1,38856431,120,323803.6,323615.0,321567,328638,1493.4,"void exl3_gemv_int8_sq_kernel<(int)6, (int)1, (bool)0, (bool)0>(const __half *, const unsigned short *, void *, int, int, int, int *, const __half *, __half *, const __half *)"
0.1,37800477,326,115952.4,181248.0,2240,183807,83349.7,"void at::native::<unnamed>::conv_depthwise2d_forward_kernel_generic<c10::Half, int>(at::GenericPackedTensorAccessor<const T1, (unsigned long)4, at::DefaultPtrTraits, int>, at::GenericPackedTensorAccessor<T1, (unsigned long)4, at::DefaultPtrTraits, int>, at::GenericPackedTensorAccessor<const T1, (unsigned long)4, at::DefaultPtrTraits, int>, at::GenericPackedTensorAccessor<const T1, (unsigned long)1, at::DefaultPtrTraits, int>, bool, T2, int, int, int, int, int, int, int, int, int, int, int, int, int, int)"
0.1,37242870,23681,1572.7,1440.0,1120,15456,1250.2,"void at::native::vectorized_elementwise_kernel<(int)4, at::native::<unnamed>::silu_kernel(at::TensorIteratorBase &)::[lambda() (instance 1)]::operator ()() const::[lambda() (instance 5)]::operator ()() const::[lambda(c10::Half) (instance 1)], std::array<char *, (unsigned long)2>>(int, T2, T3)"
0.1,36995622,1512,24468.0,24416.0,22976,26272,539.4,"void cuda_recurrent_gated_delta_rule_kernel_128<(bool)1, (int)1, (bool)0, __nv_bfloat16>(const __nv_bfloat16 *, const float *, const __nv_bfloat16 *, T4 *, __nv_bfloat16 *, int, int, int, int, int, int, float, const int *, int, const float *)"
0.1,34798211,3072,11327.5,11296.0,10752,13760,286.8,void cutlass::Kernel2<cutlass_80_tensorop_s16816gemm_f16_64x64_64x6_tn_align2>(T1::Params)
0.1,34776468,11496,3025.1,3040.0,2528,3424,143.0,"void at::native::index_elementwise_kernel<(int)128, (int)4, void at::native::gpu_index_kernel<void at::native::index_kernel_impl<at::native::OpaqueType<(int)2>>(at::TensorIteratorBase &, c10::ArrayRef<long>, c10::ArrayRef<long>)::[lambda(char *, const char *, long) (instance 1)]>(at::TensorIteratorBase &, c10::ArrayRef<long>, c10::ArrayRef<long>, const T1 &, bool)::[lambda(int) (instance 1)]>(long, T3)"
0.1,34215011,10012,3417.4,4192.0,640,7904,1473.9,"void at::native::vectorized_elementwise_kernel<(int)4, at::native::FillFunctor<c10::BFloat16>, std::array<char *, (unsigned long)1>>(int, T2, T3)"
0.0,33059360,3088,10705.8,10688.0,9856,11744,278.4,void cutlass::Kernel2<cutlass_80_tensorop_f16_s16816gemm_relu_f16_64x64_32x6_tn_align8>(T1::Params)
0.0,31453796,1520,20693.3,20448.0,20256,24352,387.1,"void at::native::radixSortKVInPlace<(int)-2, (int)-1, (int)64, (int)32, long, long, unsigned int>(at::cuda::detail::TensorInfo<T5, T7>, T7, T7, T7, at::cuda::detail::TensorInfo<T6, T7>, T7, bool)"
0.0,31229376,128,243979.5,310783.0,87583,623069,115147.4,"void exl3_gemm_kernel<(int)6, (bool)0, (int)2, (int)16, (int)16, (int)512, (int)4, (int)3>(const __half *, const unsigned short *, void *, int, int, int, int *, const __half *, __half *, const __half *)"
0.0,30582311,2712,11276.7,5568.0,4928,20480,6728.7,void cutlass::Kernel2<cutlass_80_tensorop_f16_s16816gemm_relu_f16_64x64_32x10_nn_align8>(T1::Params)
0.0,28938144,331,87426.4,141088.0,832,145696,66975.9,"void at::native::vectorized_elementwise_kernel<(int)4, at::native::CUDAFunctor_add<float>, std::array<char *, (unsigned long)3>>(int, T2, T3)"
0.0,28200550,15570,1811.2,2176.0,704,3520,609.1,"void act_mul_kernel_h<(int)0>(const __half *, const __half *, __half *, float, unsigned long)"
0.0,26483589,17429,1519.5,1567.0,1120,2688,135.4,"void cublasLt::splitKreduce_kernel<(int)32, (int)16, int, float, float, float, float, (bool)0, float, float, float, (bool)1, (bool)0, (bool)0>(cublasLt::cublasSplitKParams<T6>, const T4 *, const T10 *, T9 *, T5 *, const T6 *, const T6 *, const T11 *, const T4 *, T11 *, void *, long, T6 *, int *, T6 *, T6 *, const T6 *, const T6 *, const T6 *, const T6 *, const T6 *)"
0.0,25838090,4074,6342.2,5536.0,4384,11744,1586.3,exl3_moe_coop_ns::exl3_moe_coop_rot_kernel(MoeCoopParams)
0.0,25800842,8712,2961.5,3296.0,896,4032,841.8,chunk_local_cumsum_scalar_kernel
0.0,25033605,6340,3948.5,4992.0,672,5312,1811.4,_dsa_pool_expand_kernel
0.0,23160245,1008,22976.4,22944.0,21920,28000,638.1,"void exl3_mgemm_kernel<(int)4, (bool)0, (int)2, (int)16, (int)32, (int)256, (int)4, (int)3>(const __half *, const unsigned short **, void *, int, int, int, int *, const __half **, __half *, const __half **, long *, __half *, int, int, int, int, int, const int *, void **, const int *, const int *, int)"
0.0,23121267,1512,15291.8,15264.0,14368,16768,349.6,"void cuda_recurrent_gated_delta_rule_kernel_128<(bool)0, (int)1, (bool)0, __nv_bfloat16>(const __nv_bfloat16 *, const float *, const __nv_bfloat16 *, T4 *, __nv_bfloat16 *, int, int, int, int, int, int, float, const int *, int, const float *)"
0.0,22318011,9976,2237.2,2240.0,2144,2560,43.5,"void at_cuda_detail::cub::DeviceRadixSortHistogramKernel<at_cuda_detail::cub::DeviceRadixSortPolicy<long, at::cuda::cub::detail::OpaqueType<(int)8>, unsigned long long>::Policy900, (bool)0, long, unsigned long long, at_cuda_detail::cub::detail::identity_decomposer_t>(T4 *, const T3 *, T4, int, int, T5)"
0.0,21852736,326,67032.9,104559.5,1632,109472,48861.5,"void rms_norm_kernel<(int)0, float, float, __nv_bfloat16, float>(const T2 *, const T4 *, T3 *, T5 *, float, int, int, float, float, int)"
0.0,21698399,23660,917.1,864.0,800,1760,105.3,"void at::native::vectorized_elementwise_kernel<(int)4, at::native::BUnaryFunctor<float, float, float, at::native::binary_internal::MulFunctor<float>>, std::array<char *, (unsigned long)2>>(int, T2, T3)"
0.0,20725253,23260,891.0,864.0,800,1216,53.1,"void at::native::vectorized_elementwise_kernel<(int)4, at::native::AUnaryFunctor<float, float, float, at::native::binary_internal::MulFunctor<float>>, std::array<char *, (unsigned long)2>>(int, T2, T3)"
0.0,19521693,242,80668.2,94832.0,4640,102400,32106.6,"void gemv2T_kernel_val<int, int, float, float, float, float, (int)128, (int)16, (int)4, (int)4, (bool)0, (bool)0, cublasGemvParamsEx<int, cublasGemvTensorStridedBatched<const float>, cublasGemvTensorStridedBatched<const float>, cublasGemvTensorStridedBatched<float>, float>>(T13, T6, T6)"
0.0,18212942,1520,11982.2,11872.0,10816,13856,500.2,"exl3_moe_gather_kernel(float *, const float *, const long *, const long *, const long *, const long *, const long *, const __half *, int, int, int)"
0.0,17487463,4140,4224.0,5952.0,896,6592,2306.8,_qsa_stage_kernel
0.0,16856203,21472,785.0,800.0,735,960,27.0,"void at::native::vectorized_elementwise_kernel<(int)2, at::native::FillFunctor<long>, std::array<char *, (unsigned long)1>>(int, T2, T3)"
0.0,16486894,4074,4046.9,4000.0,3488,5152,269.9,void cutlass::Kernel2<cutlass_80_wmma_tensorop_f16_s161616gemm_f16_16x16_64x2_nn_align8>(T1::Params)
0.0,14964502,9976,1500.1,1568.0,992,2080,182.7,"at::native::<unnamed>::fill_reverse_indices_kernel(long *, int, at::cuda::detail::IntDivider<unsigned int>)"
0.0,14883182,8712,1708.4,1760.0,1024,2368,247.9,"void gated_delta_net_fused_op_2_kernel<__nv_bfloat16>(const float *, const float *, const __nv_bfloat16 *, const T1 *, __nv_bfloat16 *, float *, int, int, int, int, float)"
0.0,14491341,7252,1998.3,1632.0,1280,3904,788.1,"void cublasLt::splitKreduce_kernel<(int)32, (int)16, int, __half, __half, float, __half, (bool)0, __half, __half, __half, (bool)1, (bool)0, (bool)0>(cublasLt::cublasSplitKParams<T6>, const T4 *, const T10 *, T9 *, T5 *, const T6 *, const T6 *, const T11 *, const T4 *, T11 *, void *, long, T6 *, int *, T6 *, T6 *, const T6 *, const T6 *, const T6 *, const T6 *, const T6 *)"
0.0,13745823,326,42165.1,65856.0,1632,69792,30608.3,"void rms_norm_kernel<(int)0, float, __half, __nv_bfloat16, float>(const T2 *, const T4 *, T3 *, T5 *, float, int, int, float, float, int)"
0.0,13548961,326,41561.2,65312.0,1632,68000,29897.8,"void rms_norm_kernel<(int)0, __half, float, __nv_bfloat16, __half>(const T2 *, const T4 *, T3 *, T5 *, float, int, int, float, float, int)"
0.0,12906644,1092,11819.3,11424.0,2432,15072,2751.4,_dsa_indexer_fewq_kernel
0.0,12746701,4140,3078.9,3808.0,1536,5536,1090.2,"void rope_kernel<(int)2, (bool)0>(const __half *, __half *, const __half *, __half *, const float *, int, int, int, int, int, int, int, int, int, const unsigned int *, const unsigned int *, float, const void *, const void *, float, float, bool, int, float, int, int, int, int)"
0.0,11851518,326,36354.3,53408.0,1184,65088,26542.7,"void at::native::elementwise_kernel<(int)128, (int)2, void at::native::gpu_kernel_impl_nocast<at::native::direct_copy_kernel_cuda(at::TensorIteratorBase &)::[lambda() (instance 3)]::operator ()() const::[lambda() (instance 7)]::operator ()() const::[lambda(float) (instance 1)]>(at::TensorIteratorBase &, const T1 &)::[lambda(int) (instance 1)]>(int, T3)"
0.0,11729146,4140,2833.1,3392.0,1472,4416,879.3,"void quant_cache_paged_kernel<(int)8, (int)8>(const __half *, unsigned int *, __half *, const __half *, unsigned int *, __half *, const unsigned int *, const unsigned int *, int, int, float, int)"
0.0,11647108,420,27731.2,27680.0,26592,30560,481.1,"void exl3_mgemm_kernel<(int)4, (bool)1, (int)2, (int)16, (int)16, (int)512, (int)4, (int)3>(const __half *, const unsigned short **, void *, int, int, int, int *, const __half **, __half *, const __half **, long *, __half *, int, int, int, int, int, const int *, void **, const int *, const int *, int)"
0.0,11408666,1152,9903.4,9760.0,7808,12640,1876.2,_causal_conv1d_update_slotted_kernel
0.0,10723932,104,103114.7,104192.0,88096,106272,4181.1,"void f16acc::gemm_kernel<(bool)0, (int)64, (bool)1>(const __half *, const __half *, void *, int, int, int, int, long long, long long, long long)"
0.0,10697800,336,31838.7,32192.0,26368,40287,1961.0,"void dsa_topk_split_kernel<(bool)1>(const __half *, int *, __half *, int *, int, int, int, int, const int *, int, int, int)"
0.0,9968415,416,23962.5,18240.0,6624,53920,18625.2,"void reconstruct_had_kernel<(int)6, (int)2>(__half *, const unsigned short *, const __half *, const __half *, int, int)"
0.0,9515669,7560,1258.7,1248.0,992,1824,72.6,_causal_conv1d_update_slotted_state_kernel
0.0,9350293,9976,937.3,928.0,896,1152,25.9,"void at_cuda_detail::cub::DeviceRadixSortExclusiveSumKernel<at_cuda_detail::cub::DeviceRadixSortPolicy<long, at::cuda::cub::detail::OpaqueType<(int)8>, unsigned long long>::Policy900, unsigned long long>(T2 *)"
0.0,8413520,2304,3651.7,3648.0,3392,4160,132.7,void cutlass::Kernel2<cutlass_80_wmma_tensorop_s161616gemm_f16_32x32_64x2_nn_align8>(T1::Params)
0.0,8317658,3048,2728.9,2752.0,2176,4256,214.4,_qsa_pool_update_ring_kernel
0.0,7665493,336,22814.0,25216.0,6464,26464,6625.4,"dsa_topk_merge_kernel(const int *, const __half *, const int *, int *, int, int, int, __half *, int *, int, int)"
0.0,6772936,106,63895.6,65472.0,44672,66047,5475.4,void cutlass::Kernel2<cutlass_80_tensorop_f16_s16816gemm_relu_f16_64x128_64x3_tn_align8>(T1::Params)
0.0,6720288,326,20614.4,29680.0,960,36384,14716.0,"ple_gate_kernel(const float *, const __half *, float *, unsigned long, int, int, float)"
0.0,6629887,204,32499.4,28288.0,1568,70400,31253.8,"void rms_norm_kernel<(int)0, __half, __half, __half, __half>(const T2 *, const T4 *, T3 *, T5 *, float, int, int, float, float, int)"
0.0,6238299,588,10609.4,10592.0,8192,11264,237.9,"void exl3_gemv_kernel<(int)4, (bool)0, (int)2, (int)1, (int)0, (bool)0>(const __half *, const unsigned short *, void *, int, int, int, int *, const __half *, __half *, const __half *)"
0.0,6123542,1512,4050.0,4032.0,3712,4640,158.4,"void conv1d_update_kernel<(bool)1, (bool)1>(const __nv_bfloat16 *, __nv_bfloat16 *, const int *, const __nv_bfloat16 *, const __nv_bfloat16 *, __nv_bfloat16 *, int, int, int, int)"
0.0,6116853,1512,4045.5,4032.0,3648,4608,173.6,"void gdn_ba_gemv_kernel<(int)8>(const __half *, const __half *, const __half *, float *, int, int)"
0.0,5842845,1512,3864.3,3808.0,3488,5856,259.2,"void conv1d_update_kernel<(bool)1, (bool)0>(const __nv_bfloat16 *, __nv_bfloat16 *, const int *, const __nv_bfloat16 *, const __nv_bfloat16 *, __nv_bfloat16 *, int, int, int, int)"
0.0,5789234,16,361827.1,362703.5,354751,367934,6074.0,"void f16acc::rate_kernel<(bool)0>(int, float *)"
0.0,5617175,4140,1356.8,1472.0,864,1952,332.1,_qsa_raw_ring_append_kernel
0.0,5600953,1520,3684.8,3680.0,3584,4032,68.0,"void at::native::_scatter_gather_elementwise_kernel<(int)128, (int)8, void at::native::_cuda_scatter_gather_internal_kernel<(bool)1, at::native::OpaqueType<(int)8>, long>::operator ()<at::native::TensorAssign>(at::TensorIterator &, long, long, long, const T1 &)::[lambda(int) (instance 1)]>(int, T3)"
0.0,5559163,1152,4825.7,4832.0,4256,5504,218.0,void cutlass::Kernel2<cutlass_80_tensorop_s16816gemm_f16_64x64_32x6_nn_align8>(T1::Params)
0.0,5452190,48,113587.3,92048.0,90720,158400,31317.2,"void exl3_gemm_kernel<(int)6, (bool)0, (int)2, (int)16, (int)32, (int)128, (int)4, (int)3>(const __half *, const unsigned short *, void *, int, int, int, int *, const __half *, __half *, const __half *)"
0.0,4909756,184,26683.5,25583.5,12576,104032,24509.9,"void exl3_gemm_kernel<(int)5, (bool)0, (int)2, (int)16, (int)32, (int)128, (int)4, (int)3>(const __half *, const unsigned short *, void *, int, int, int, int *, const __half *, __half *, const __half *)"
0.0,4809466,3072,1565.6,1568.0,1440,2016,78.1,"void cublasLt::splitKreduce_kernel<(int)32, (int)16, int, float, __half, float, __half, (bool)0, __half, __half, __half, (bool)1, (bool)0, (bool)0>(cublasLt::cublasSplitKParams<T6>, const T4 *, const T10 *, T9 *, T5 *, const T6 *, const T6 *, const T11 *, const T4 *, T11 *, void *, long, T6 *, int *, T6 *, T6 *, const T6 *, const T6 *, const T6 *, const T6 *, const T6 *)"
0.0,4598812,3024,1520.8,1536.0,1216,2176,158.6,"void gated_delta_net_fused_op_3_kernel<__nv_bfloat16>(const float *, const float *, const __nv_bfloat16 *, const T1 *, __nv_bfloat16 *, __nv_bfloat16 *, float *, int, int, int, int, float)"
0.0,4462844,1512,2951.6,2944.0,2720,3264,75.6,"void gdn_ba_gemv_kernel<(int)1>(const __half *, const __half *, const __half *, float *, int, int)"
0.0,4354206,142,30663.4,17312.0,8640,149760,42625.3,"void exl3_gemm_kernel<(int)6, (bool)1, (int)2, (int)16, (int)32, (int)128, (int)4, (int)3>(const __half *, const unsigned short *, void *, int, int, int, int *, const __half *, __half *, const __half *)"
0.0,4158433,126,33003.4,37472.0,21664,40224,7781.2,void cutlass::Kernel2<cutlass_80_wmma_tensorop_f16_s161616gemm_f16_32x32_128x2_nn_align8>(T1::Params)
0.0,4022999,224,17959.8,17808.0,17344,18848,382.5,"void dequant_cache_paged_kernel<(int)8, (int)8>(const unsigned int *, const __half *, __half *, const unsigned int *, const __half *, __half *, const unsigned int *, const unsigned int *, int, int, int, int, float, int, int)"
0.0,3893690,2824,1378.8,1408.0,992,4384,298.3,"void at::native::elementwise_kernel<(int)128, (int)2, void at::native::gpu_kernel_impl_nocast<at::native::direct_copy_kernel_cuda(at::TensorIteratorBase &)::[lambda() (instance 3)]::operator ()() const::[lambda() (instance 3)]::operator ()() const::[lambda(int) (instance 1)]>(at::TensorIteratorBase &, const T1 &)::[lambda(int) (instance 1)]>(int, T3)"
0.0,3524543,48,73428.0,63008.0,62688,94784,14895.7,void cutlass::Kernel2<cutlass_80_tensorop_f16_s16816gemm_relu_f16_128x64_64x3_nn_align8>(T1::Params)
0.0,3469631,368,9428.3,15904.0,960,16224,7183.7,"void at::native::vectorized_gather_kernel<(int)16, long>(char *, char *, T2 *, int, long, long, long, long, bool)"
0.0,3307867,1520,2176.2,2144.0,2080,2368,47.1,"void dot_kernel<float, (int)128, (int)0, cublasDotParams<cublasGemvTensorStridedBatched<const __half>, cublasGemvTensorStridedBatched<float>>>(T4)"
0.0,3185824,208,15316.5,15296.0,14784,16192,283.9,"void reconstruct_had_kernel<(int)5, (int)2>(__half *, const unsigned short *, const __half *, const __half *, int, int)"
0.0,3179386,1520,2091.7,2016.0,1728,2816,231.3,"void at::cuda::kernelHistogram1D<long, long, long, (int)1, (int)2, (int)-1, (at::cuda::CUDAHistogramMemoryType)0, bool at::cuda::CUDA_tensor_histogram<long, long, (bool)0>(at::Tensor, at::Tensor, at::Tensor, long, at::AccumulateType<T2, (bool)1>::type, at::AccumulateType<T2, (bool)1>::type, at::cuda::TensorArgType, at::cuda::TensorArgType, at::cuda::TensorArgType)::[lambda(long) (instance 2)]>(at::cuda::detail::TensorInfo<T1, T3>, at::cuda::detail::TensorInfo<T1, T3>, at::cuda::detail::TensorInfo<const T2, T3>, long, at::AccumulateType<T2, (bool)1>::type, at::AccumulateType<T2, (bool)1>::type, T3, T8)"
0.0,3041653,162,18775.6,28864.0,832,30912,12991.5,"void at::native::<unnamed>::CatArrayBatchedCopy_alignedK_contig<at::native::<unnamed>::OpaqueType<(unsigned int)2>, unsigned int, (int)3, (int)128, (int)1, (int)8>(T1 *, at::native::<unnamed>::CatArrInputTensorMetadata<T1, T2, T4, T5>, at::native::<unnamed>::TensorSizeStride<T2, (unsigned int)4>, int, T2)"
0.0,2900186,16,181261.6,181616.0,177664,184416,3118.7,"void f16acc::rate_kernel<(bool)1>(int, float *)"
0.0,2885210,391,7379.1,736.0,608,67199,17915.6,"void at::native::vectorized_elementwise_kernel<(int)4, at::native::FillFunctor<int>, std::array<char *, (unsigned long)1>>(int, T2, T3)"
0.0,2878747,402,7161.1,7104.0,6976,7424,121.6,"void at::native::elementwise_kernel<(int)128, (int)2, void at::native::gpu_kernel_impl_nocast<at::native::BinaryFunctor<float, float, float, at::native::binary_internal::DivFunctor<float>>>(at::TensorIteratorBase &, const T1 &)::[lambda(int) (instance 1)]>(int, T3)"
0.0,2842107,1520,1869.8,1856.0,1760,2144,52.0,"void at::native::reduce_kernel<(int)512, (int)1, at::native::ReduceOp<long, at::native::func_wrapper_t<long, at::native::MinNanFunctor<long>>, unsigned int, long, (int)4, (int)4>>(T3)"
0.0,2832095,1520,1863.2,1856.0,1760,2144,49.0,"void at::native::reduce_kernel<(int)512, (int)1, at::native::ReduceOp<long, at::native::func_wrapper_t<long, at::native::MaxNanFunctor<long>>, unsigned int, long, (int)4, (int)4>>(T3)"
0.0,2820766,1092,2583.1,2592.0,1728,3328,388.8,_qsa_pool_update_ring_bc_kernel
0.0,2512090,804,3124.5,3152.0,832,5600,2115.1,"void at::native::vectorized_elementwise_kernel<(int)4, at::native::<unnamed>::launch_clamp_scalar(at::TensorIteratorBase &, c10::Scalar, c10::Scalar, at::native::detail::ClampLimits)::[lambda() (instance 1)]::operator ()() const::[lambda() (instance 7)]::operator ()() const::[lambda(float) (instance 1)], std::array<char *, (unsigned long)2>>(int, T2, T3)"
0.0,2289120,84,27251.4,26880.0,22400,34944,4427.0,"void exl3_mgemm_kernel<(int)6, (bool)0, (int)2, (int)16, (int)16, (int)512, (int)4, (int)3>(const __half *, const unsigned short **, void *, int, int, int, int *, const __half **, __half *, const __half **, long *, __half *, int, int, int, int, int, const int *, void **, const int *, const int *, int)"
0.0,2269306,402,5645.0,5632.0,5472,6048,109.2,"void at::native::unrolled_elementwise_kernel<at::native::direct_copy_kernel_cuda(at::TensorIteratorBase &)::[lambda() (instance 3)]::operator ()() const::[lambda() (instance 2)]::operator ()() const::[lambda(signed char) (instance 1)], std::array<char *, (unsigned long)2>, (int)4, TrivialOffsetCalculator<(int)1, unsigned int>, TrivialOffsetCalculator<(int)1, unsigned int>, at::native::memory::LoadWithCast<(int)1>, at::native::memory::StoreWithCast<(int)1>>(int, T1, T2, T4, T5, T6, T7)"
0.0,2224701,672,3310.6,3296.0,3008,3840,135.5,"void <unnamed>::fs_partial_argmax_kernel<__half, (int)0>(const T1 *, const __half *, const unsigned int *, const float *, ValIdx *, const unsigned char *, int, int, int, bool, int, float, float, int, float, unsigned int)"
0.0,2110556,402,5250.1,5216.0,4992,5632,135.9,"void at::native::vectorized_elementwise_kernel<(int)4, at::native::round_kernel_cuda(at::TensorIteratorBase &)::[lambda() (instance 1)]::operator ()() const::[lambda() (instance 2)]::operator ()() const::[lambda(float) (instance 1)], std::array<char *, (unsigned long)2>>(int, T2, T3)"
0.0,2107578,402,5242.7,5248.0,4896,5856,207.6,"void at::native::vectorized_elementwise_kernel<(int)4, at::native::AbsFunctor<float>, std::array<char *, (unsigned long)2>>(int, T2, T3)"
0.0,2103770,3067,685.9,672.0,640,1952,84.0,"void <unnamed>::elementwise_kernel_with_index<int, at::native::arange_cuda_out(const c10::Scalar &, const c10::Scalar &, const c10::Scalar &, at::Tensor &)::[lambda() (instance 1)]::operator ()() const::[lambda() (instance 4)]::operator ()() const::[lambda(long) (instance 1)]>(T1, T2, function_traits<T2>::result_type *)"
0.0,1818206,672,2705.7,2752.0,1920,3968,568.2,batched_conv_rewind_kernel(ConvRewindJobBatch)
0.0,1753662,1520,1153.7,1152.0,1056,1376,43.5,"void reduce_1Block_kernel<float, (int)128, (int)7, cublasGemvTensorStridedBatched<float>, cublasGemvTensorStridedBatched<const float>, cublasGemvTensorStridedBatched<float>>(const T1 *, T1, T4, int, const T1 *, T1, T5, T6, cublasPointerMode_t, cublasLtEpilogue_t, cublasGemvTensorStridedBatched<const biasType<T6::value_type, T1>::type>)"
0.0,1717278,312,5504.1,6992.0,1472,8224,2218.5,"void at::native::<unnamed>::CatArrayBatchedCopy_alignedK_contig<at::native::<unnamed>::OpaqueType<(unsigned int)2>, unsigned int, (int)2, (int)128, (int)1, (int)8>(T1 *, at::native::<unnamed>::CatArrInputTensorMetadata<T1, T2, T4, T5>, at::native::<unnamed>::TensorSizeStride<T2, (unsigned int)4>, int, T2)"
0.0,1565754,201,7789.8,7744.0,7072,8320,170.0,"void at::native::reduce_kernel<(int)128, (int)4, at::native::ReduceOp<float, at::native::func_wrapper_t<float, at::native::MaxNanFunctor<float>>, unsigned int, float, (int)4, (int)4>>(T3)"
0.0,1454559,201,7236.6,7200.0,7104,7456,83.0,"void at::native::elementwise_kernel<(int)128, (int)2, void at::native::gpu_kernel_impl_nocast<at::native::BinaryFunctor<float, float, float, at::native::binary_internal::MulFunctor<float>>>(at::TensorIteratorBase &, const T1 &)::[lambda(int) (instance 1)]>(int, T3)"
0.0,1387167,42,33027.8,32624.0,30592,37152,1587.8,"void exl3_moe_coop_v2_ns::exl3_moe_coop_b_kernel<(int)4, (int)2, (bool)0>(MoeCoopParams)"
0.0,1364031,42,32476.9,32848.0,28256,33856,1558.7,"void exl3_moe_coop_v2_ns::exl3_moe_coop_a_kernel<(int)4, (int)2, (bool)1>(MoeCoopParams)"
0.0,1341503,204,6576.0,7328.0,1504,11872,4932.7,"void rms_norm_kernel<(int)0, __half, __half, __nv_bfloat16, __half>(const T2 *, const T4 *, T3 *, T5 *, float, int, int, float, float, int)"
0.0,939520,42,22369.5,22336.0,21952,22816,214.5,void cutlass::Kernel2<cutlass_80_wmma_tensorop_f16_s161616gemm_f16_16x16_128x2_nn_align8>(T1::Params)
0.0,798400,326,2449.1,2656.0,1664,3072,431.1,"ngram_dequant_kernel(const short *, const int *, const __half *, __half *, int, int)"
0.0,768896,201,3825.4,3808.0,3616,4224,142.1,"void at::native::reduce_kernel<(int)512, (int)1, at::native::ReduceOp<float, at::native::func_wrapper_t<float, at::native::MaxNanFunctor<float>>, unsigned int, float, (int)4, (int)4>>(T3)"
0.0,728478,672,1084.0,1024.0,992,1664,141.1,"<unnamed>::fs_finalize_kernel(const ValIdx *, unsigned long *, int)"
0.0,654656,42,15587.0,15472.0,14912,16992,364.4,"void exl3_mgemm_kernel<(int)6, (bool)0, (int)2, (int)16, (int)32, (int)128, (int)4, (int)3>(const __half *, const unsigned short **, void *, int, int, int, int *, const __half **, __half *, const __half **, long *, __half *, int, int, int, int, int, const int *, void **, const int *, const int *, int)"
0.0,630655,352,1791.6,704.0,640,9312,1704.7,"void at::native::vectorized_elementwise_kernel<(int)4, at::native::FillFunctor<c10::Half>, std::array<char *, (unsigned long)1>>(int, T2, T3)"
0.0,481309,42,11459.7,11471.5,10624,11680,146.7,"void at::native::reduce_kernel<(int)512, (int)1, at::native::ReduceOp<c10::Half, at::native::ArgMaxOps<float>, unsigned int, long, (int)4, (int)4>>(T3)"
0.0,357023,336,1062.6,1024.0,992,1312,74.7,"void at::native::unrolled_elementwise_kernel<at::native::direct_copy_kernel_cuda(at::TensorIteratorBase &)::[lambda() (instance 3)]::operator ()() const::[lambda() (instance 4)]::operator ()() const::[lambda(long) (instance 1)], std::array<char *, (unsigned long)2>, (int)4, TrivialOffsetCalculator<(int)1, unsigned int>, TrivialOffsetCalculator<(int)1, unsigned int>, at::native::memory::LoadWithCast<(int)1>, at::native::memory::StoreWithCast<(int)1>>(int, T1, T2, T4, T5, T6, T7)"
0.0,330494,336,983.6,960.0,896,1280,82.3,"void at::native::vectorized_elementwise_kernel<(int)4, at::native::BinaryFunctor<long, long, bool, at::native::<unnamed>::CompareEqFunctor<long>>, std::array<char *, (unsigned long)3>>(int, T2, T3)"
0.0,322559,336,960.0,928.0,864,1472,139.1,"void at::native::elementwise_kernel<(int)128, (int)4, void at::native::gpu_kernel_impl_nocast<at::native::FillFunctor<c10::Half>>(at::TensorIteratorBase &, const T1 &)::[lambda(int) (instance 1)]>(int, T3)"
0.0,295103,336,878.3,864.0,800,1120,67.3,"void at::native::<unnamed>::CatArrayBatchedCopy_alignedK_contig<at::native::<unnamed>::OpaqueType<(unsigned int)8>, unsigned int, (int)1, (int)128, (int)1, (int)16>(T1 *, at::native::<unnamed>::CatArrInputTensorMetadata<T1, T2, T4, T5>, at::native::<unnamed>::TensorSizeStride<T2, (unsigned int)4>, int, T2)"
0.0,262368,336,780.9,704.0,640,1312,179.2,"void at::native::unrolled_elementwise_kernel<at::native::FillFunctor<c10::Half>, std::array<char *, (unsigned long)1>, (int)4, TrivialOffsetCalculator<(int)0, unsigned int>, TrivialOffsetCalculator<(int)1, unsigned int>, at::native::memory::LoadWithoutCast, at::native::memory::StoreWithoutCast>(int, T1, T2, T4, T5, T6, T7)"
0.0,219805,142,1547.9,1328.0,1024,2272,463.6,"void at::native::unrolled_elementwise_kernel<at::native::direct_copy_kernel_cuda(at::TensorIteratorBase &)::[lambda() (instance 3)]::operator ()() const::[lambda() (instance 10)]::operator ()() const::[lambda(c10::Half) (instance 1)], std::array<char *, (unsigned long)2>, (int)4, TrivialOffsetCalculator<(int)1, unsigned int>, TrivialOffsetCalculator<(int)1, unsigned int>, at::native::memory::LoadWithCast<(int)1>, at::native::memory::StoreWithCast<(int)1>>(int, T1, T2, T4, T5, T6, T7)"
0.0,197952,42,4713.1,4704.0,4608,4992,87.8,"void at::native::<unnamed>::CatArrayBatchedCopy<at::native::<unnamed>::OpaqueType<(unsigned int)2>, unsigned int, (int)2, (int)64, (int)64>(T1 *, at::native::<unnamed>::CatArrInputTensorMetadata<T1, T2, T4, T5>, at::native::<unnamed>::TensorSizeStride<T2, (unsigned int)4>, int, T2)"
0.0,195871,204,960.2,960.0,832,1056,47.5,"void at::native::vectorized_elementwise_kernel<(int)4, at::native::CUDAFunctorOnSelf_add<float>, std::array<char *, (unsigned long)2>>(int, T2, T3)"
0.0,162528,122,1332.2,1376.0,960,1600,150.4,"void at::native::vectorized_elementwise_kernel<(int)4, at::native::BUnaryFunctor<c10::Half, c10::Half, c10::Half, at::native::binary_internal::MulFunctor<float>>, std::array<char *, (unsigned long)2>>(int, T2, T3)"
0.0,152608,224,681.3,672.0,640,736,20.8,"void <unnamed>::elementwise_kernel_with_index<int, at::native::arange_cuda_out(const c10::Scalar &, const c10::Scalar &, const c10::Scalar &, at::Tensor &)::[lambda() (instance 1)]::operator ()() const::[lambda() (instance 3)]::operator ()() const::[lambda(long) (instance 1)]>(T1, T2, function_traits<T2>::result_type *)"
0.0,148159,1,148159.0,148159.0,148159,148159,0.0,"void at::native::elementwise_kernel<(int)128, (int)4, void at::native::gpu_kernel_impl_nocast<at::native::direct_copy_kernel_cuda(at::TensorIteratorBase &)::[lambda() (instance 3)]::operator ()() const::[lambda() (instance 5)]::operator ()() const::[lambda(short) (instance 1)]>(at::TensorIteratorBase &, const T1 &)::[lambda(int) (instance 1)]>(int, T3)"
0.0,145312,16,9082.0,9072.0,8736,9760,240.9,void cutlass::Kernel2<cutlass_80_tensorop_f16_s16816gemm_relu_f16_64x64_32x10_tn_align8>(T1::Params)
0.0,135584,42,3228.2,3232.0,3200,3264,17.6,"std::enable_if<!T7, void>::type internal::gemvx::kernel<int, int, float, float, float, float, (bool)0, (bool)1, (bool)1, (bool)0, (int)6, (bool)0, cublasGemvParamsEx<int, cublasGemvTensorStridedBatched<const float>, cublasGemvTensorStridedBatched<const float>, cublasGemvTensorStridedBatched<float>, float>>(T13)"
0.0,122400,42,2914.3,2848.0,2816,3424,155.1,"void at::native::<unnamed>::indexSelectSmallIndex<c10::BFloat16, long, unsigned int, (int)2, (int)2, (int)-2>(at::cuda::detail::TensorInfo<T1, T3>, at::cuda::detail::TensorInfo<const T1, T3>, at::cuda::detail::TensorInfo<const T2, T3>, int, int, T3, long)"
0.0,102240,42,2434.3,2432.0,2400,2560,39.6,"void at::native::unrolled_elementwise_kernel<at::native::CUDAFunctor_add<float>, std::array<char *, (unsigned long)3>, (int)4, TrivialOffsetCalculator<(int)2, unsigned int>, TrivialOffsetCalculator<(int)1, unsigned int>, at::native::memory::LoadWithCast<(int)2>, at::native::memory::StoreWithCast<(int)1>>(int, T1, T2, T4, T5, T6, T7)"
0.0,99968,42,2380.2,2368.0,2336,2528,33.9,"std::enable_if<!T7, void>::type internal::gemvx::kernel<int, int, float, float, float, float, (bool)0, (bool)1, (bool)1, (bool)0, (int)7, (bool)0, cublasGemvParamsEx<int, cublasGemvTensorStridedBatched<const float>, cublasGemvTensorStridedBatched<const float>, cublasGemvTensorStridedBatched<float>, float>>(T13)"
0.0,97984,16,6124.0,6112.0,6048,6208,41.9,"void had_hf_r_128_kernel<(bool)1, (bool)0>(const __half *, __half *, const __half *, float)"
0.0,95712,16,5982.0,5968.0,5888,6112,60.1,"void had_hf_r_128_kernel<(bool)0, (bool)1>(const __half *, __half *, const __half *, float)"
0.0,94464,16,5904.0,5920.0,5728,6272,151.0,"void reconstruct_kernel<(int)5, (int)2>(__half *, const unsigned short *, int, int)"
0.0,89504,64,1398.5,1408.0,1216,1664,147.3,"void at::native::index_elementwise_kernel<(int)128, (int)4, void at::native::index_fill_kernel_impl<at::native::OpaqueType<(int)2>>(at::TensorIterator &, long, long, long, T1)::[lambda(int) (instance 1)]>(long, T3)"
0.0,68544,32,2142.0,2144.0,1248,3072,710.3,"void at::native::index_elementwise_kernel<(int)128, (int)4, void at::native::index_fill_kernel_impl<at::native::OpaqueType<(int)4>>(at::TensorIterator &, long, long, long, T1)::[lambda(int) (instance 1)]>(long, T3)"
0.0,43680,25,1747.2,1728.0,1600,2080,106.5,"void at::native::elementwise_kernel<(int)128, (int)4, void at::native::gpu_kernel_impl<at::native::<unnamed>::pow_tensor_tensor_kernel(at::TensorIteratorBase &)::[lambda() (instance 1)]::operator ()() const::[lambda() (instance 7)]::operator ()() const::[lambda(float, float) (instance 1)]>(at::TensorIteratorBase &, const T1 &)::[lambda(int) (instance 1)]>(int, T3)"
0.0,23008,25,920.3,928.0,864,992,28.1,"void at::native::vectorized_elementwise_kernel<(int)4, at::native::reciprocal_kernel_cuda(at::TensorIteratorBase &)::[lambda() (instance 1)]::operator ()() const::[lambda() (instance 2)]::operator ()() const::[lambda(float) (instance 1)], std::array<char *, (unsigned long)2>>(int, T2, T3)"
0.0,20000,25,800.0,736.0,672,1120,120.4,"void at::native::vectorized_elementwise_kernel<(int)2, at::native::FillFunctor<double>, std::array<char *, (unsigned long)1>>(int, T2, T3)"
0.0,16384,5,3276.8,3296.0,3104,3392,114.5,void cutlass::Kernel2<cutlass_80_simt_sgemm_32x128_8x5_nn_align1>(T1::Params)
0.0,9888,10,988.8,992.0,928,1056,38.3,"void at::native::vectorized_elementwise_kernel<(int)2, at::native::AUnaryFunctor<long, long, long, at::native::BitwiseAndFunctor<long>>, std::array<char *, (unsigned long)2>>(int, T2, T3)"
0.0,6624,6,1104.0,1072.0,1056,1184,63.2,"void at::native::vectorized_elementwise_kernel<(int)2, at::native::CUDAFunctor_add<long>, std::array<char *, (unsigned long)3>>(int, T2, T3)"
0.0,6176,6,1029.3,1008.0,960,1216,95.8,"void at::native::vectorized_elementwise_kernel<(int)2, at::native::BUnaryFunctor<long, long, long, at::native::rshift_kernel_cuda(at::TensorIteratorBase &)::[lambda() (instance 1)]::operator ()() const::[lambda() (instance 4)]::operator ()() const::[lambda(long, long) (instance 1)]>, std::array<char *, (unsigned long)2>>(int, T2, T3)"
0.0,2080,2,1040.0,1040.0,1024,1056,22.6,"void at::native::vectorized_elementwise_kernel<(int)2, at::native::AUnaryFunctor<long, long, long, at::native::binary_internal::MulFunctor<long>>, std::array<char *, (unsigned long)2>>(int, T2, T3)"
0.0,2048,2,1024.0,1024.0,1024,1024,0.0,"void at::native::vectorized_elementwise_kernel<(int)2, at::native::CUDAFunctorOnSelf_add<long>, std::array<char *, (unsigned long)2>>(int, T2, T3)"
0.0,1952,2,976.0,976.0,960,992,22.6,"void at::native::<unnamed>::distribution_elementwise_grid_stride_kernel<float, (int)4, void at::native::templates::cuda::uniform_and_transform<float, float, at::CUDAGeneratorImpl *, void at::native::templates::cuda::uniform_kernel<at::CUDAGeneratorImpl *>(at::TensorIteratorBase &, double, double, T1)::[lambda() (instance 1)]::operator ()() const::[lambda() (instance 2)]::operator ()() const::[lambda(float) (instance 1)]>(at::TensorIteratorBase &, T3, T4)::[lambda(curandStatePhilox4_32_10 *) (instance 2)], void at::native::<unnamed>::distribution_nullary_kernel<float, float, float4, at::CUDAGeneratorImpl *, void at::native::templates::cuda::uniform_and_transform<float, float, at::CUDAGeneratorImpl *, void at::native::templates::cuda::uniform_kernel<at::CUDAGeneratorImpl *>(at::TensorIteratorBase &, double, double, T1)::[lambda() (instance 1)]::operator ()() const::[lambda() (instance 2)]::operator ()() const::[lambda(float) (instance 1)]>(at::TensorIteratorBase &, T3, T4)::[lambda(curandStatePhilox4_32_10 *) (instance 2)], void at::native::templates::cuda::uniform_kernel<at::CUDAGeneratorImpl *>(at::TensorIteratorBase &, double, double, T1)::[lambda() (instance 1)]::operator ()() const::[lambda() (instance 2)]::operator ()() const::[lambda(float) (instance 1)]>(at::TensorIteratorBase &, T4, const T5 &, T6)::[lambda(int, float) (instance 1)]>(long, at::PhiloxCudaState, T3, T4)"
