tag	pass	dataset	conc	t_boot	launcher_md5	image	image_id	env_n	env_sha	keys_n	window	slots	cache	policy	power_limit_w	gpc_boot	mem_boot	gpc_after	mem_after	vram_free	mem_line	pwr_after	pwr_line	arm	readback
A-sharegpt-c1	A	sharegpt	1	2026-10-01T19:34:52+00:00	262e9c31f714724409635fbac9df8ac2	tabbyapi:r825c-hostprepare	sha256:aa04a1cbe94b60bbd91e3d69d15f5e1b6eb679f14885e599404de218d8a897c9	49	b80407c61365	46	0	8	901120	[[4, 3], [8, 2]]	600 575	0 0	4500 4500	0 0	4500 4500	1099/1667/	memory clock offset: set +4500 on every GPU, readback 4500 4500	600 575	power policy stock, core offset 0: readback limit W 600 575 | core offset 0 0	NEW	prefill-merge-r1 1 1
A-sharegpt-c2	A	sharegpt	2	2026-10-01T19:48:26+00:00	262e9c31f714724409635fbac9df8ac2	tabbyapi:r825c-hostprepare	sha256:aa04a1cbe94b60bbd91e3d69d15f5e1b6eb679f14885e599404de218d8a897c9	49	b80407c61365	46	0	8	901120	[[4, 3], [8, 2]]	600 575	0 0	4500 4500	0 0	4500 4500	1099/1667/	memory clock offset: set +4500 on every GPU, readback 4500 4500	600 575	power policy stock, core offset 0: readback limit W 600 575 | core offset 0 0	NEW	prefill-merge-r1 1 1
A-sharegpt-c4	A	sharegpt	4	2026-10-01T19:58:27+00:00	262e9c31f714724409635fbac9df8ac2	tabbyapi:r825c-hostprepare	sha256:aa04a1cbe94b60bbd91e3d69d15f5e1b6eb679f14885e599404de218d8a897c9	49	b80407c61365	46	0	8	901120	[[4, 3], [8, 2]]	600 575	0 0	4500 4500	0 0	4500 4500	1099/1667/	memory clock offset: set +4500 on every GPU, readback 4500 4500	600 575	power policy stock, core offset 0: readback limit W 600 575 | core offset 0 0	NEW	prefill-merge-r1 1 1
A-sharegpt-c8	A	sharegpt	8	2026-10-01T20:06:23+00:00	262e9c31f714724409635fbac9df8ac2	tabbyapi:r825c-hostprepare	sha256:aa04a1cbe94b60bbd91e3d69d15f5e1b6eb679f14885e599404de218d8a897c9	49	b80407c61365	46	0	8	901120	[[4, 3], [8, 2]]	600 575	0 0	4500 4500	0 0	4500 4500	1099/1667/	memory clock offset: set +4500 on every GPU, readback 4500 4500	600 575	power policy stock, core offset 0: readback limit W 600 575 | core offset 0 0	NEW	prefill-merge-r1 1 1
A-specbench-c1	A	specbench	1	2026-10-01T20:13:02+00:00	262e9c31f714724409635fbac9df8ac2	tabbyapi:r825c-hostprepare	sha256:aa04a1cbe94b60bbd91e3d69d15f5e1b6eb679f14885e599404de218d8a897c9	49	b80407c61365	46	0	8	901120	[[4, 3], [8, 2]]	600 575	0 0	4500 4500	0 0	4500 4500	1099/1667/	memory clock offset: set +4500 on every GPU, readback 4500 4500	600 575	power policy stock, core offset 0: readback limit W 600 575 | core offset 0 0	NEW	prefill-merge-r1 1 1
A-specbench-c2	A	specbench	2	2026-10-01T20:30:45+00:00	262e9c31f714724409635fbac9df8ac2	tabbyapi:r825c-hostprepare	sha256:aa04a1cbe94b60bbd91e3d69d15f5e1b6eb679f14885e599404de218d8a897c9	49	b80407c61365	46	0	8	901120	[[4, 3], [8, 2]]	600 575	0 0	4500 4500	0 0	4500 4500	1099/1667/	memory clock offset: set +4500 on every GPU, readback 4500 4500	600 575	power policy stock, core offset 0: readback limit W 600 575 | core offset 0 0	NEW	prefill-merge-r1 1 1
A-specbench-c4	A	specbench	4	2026-10-01T20:43:27+00:00	262e9c31f714724409635fbac9df8ac2	tabbyapi:r825c-hostprepare	sha256:aa04a1cbe94b60bbd91e3d69d15f5e1b6eb679f14885e599404de218d8a897c9	49	b80407c61365	46	0	8	901120	[[4, 3], [8, 2]]	600 575	0 0	4500 4500	0 0	4500 4500	1099/1667/	memory clock offset: set +4500 on every GPU, readback 4500 4500	600 575	power policy stock, core offset 0: readback limit W 600 575 | core offset 0 0	NEW	prefill-merge-r1 1 1
A-specbench-c8	A	specbench	8	2026-10-01T20:53:26+00:00	262e9c31f714724409635fbac9df8ac2	tabbyapi:r825c-hostprepare	sha256:aa04a1cbe94b60bbd91e3d69d15f5e1b6eb679f14885e599404de218d8a897c9	49	b80407c61365	46	0	8	901120	[[4, 3], [8, 2]]	600 575	0 0	4500 4500	0 0	4500 4500	1099/1667/	memory clock offset: set +4500 on every GPU, readback 4500 4500	600 575	power policy stock, core offset 0: readback limit W 600 575 | core offset 0 0	NEW	prefill-merge-r1 1 1
B-sharegpt-c1	B	sharegpt	1	2026-10-01T21:08:52+00:00	262e9c31f714724409635fbac9df8ac2	tabbyapi:r825c-hostprepare	sha256:aa04a1cbe94b60bbd91e3d69d15f5e1b6eb679f14885e599404de218d8a897c9	49	b80407c61365	46	0	8	901120	[[4, 3], [8, 2]]	600 575	0 0	4500 4500	0 0	4500 4500	1099/1667/	memory clock offset: set +4500 on every GPU, readback 4500 4500	600 575	power policy stock, core offset 0: readback limit W 600 575 | core offset 0 0	NEW	prefill-merge-r1 1 1
B-sharegpt-c2	B	sharegpt	2	2026-10-01T21:20:24+00:00	262e9c31f714724409635fbac9df8ac2	tabbyapi:r825c-hostprepare	sha256:aa04a1cbe94b60bbd91e3d69d15f5e1b6eb679f14885e599404de218d8a897c9	49	b80407c61365	46	0	8	901120	[[4, 3], [8, 2]]	600 575	0 0	4500 4500	0 0	4500 4500	1099/1667/	memory clock offset: set +4500 on every GPU, readback 4500 4500	600 575	power policy stock, core offset 0: readback limit W 600 575 | core offset 0 0	NEW	prefill-merge-r1 1 1
B-sharegpt-c4	B	sharegpt	4	2026-10-01T21:29:00+00:00	262e9c31f714724409635fbac9df8ac2	tabbyapi:r825c-hostprepare	sha256:aa04a1cbe94b60bbd91e3d69d15f5e1b6eb679f14885e599404de218d8a897c9	49	b80407c61365	46	0	8	901120	[[4, 3], [8, 2]]	600 575	0 0	4500 4500	0 0	4500 4500	1099/1667/	memory clock offset: set +4500 on every GPU, readback 4500 4500	600 575	power policy stock, core offset 0: readback limit W 600 575 | core offset 0 0	NEW	prefill-merge-r1 1 1
B-sharegpt-c8	B	sharegpt	8	2026-10-01T21:35:58+00:00	262e9c31f714724409635fbac9df8ac2	tabbyapi:r825c-hostprepare	sha256:aa04a1cbe94b60bbd91e3d69d15f5e1b6eb679f14885e599404de218d8a897c9	49	b80407c61365	46	0	8	901120	[[4, 3], [8, 2]]	600 575	0 0	4500 4500	0 0	4500 4500	1099/1667/	memory clock offset: set +4500 on every GPU, readback 4500 4500	600 575	power policy stock, core offset 0: readback limit W 600 575 | core offset 0 0	NEW	prefill-merge-r1 1 1
B-specbench-c1	B	specbench	1	2026-10-01T21:48:02+00:00	262e9c31f714724409635fbac9df8ac2	tabbyapi:r825c-hostprepare	sha256:aa04a1cbe94b60bbd91e3d69d15f5e1b6eb679f14885e599404de218d8a897c9	49	b80407c61365	46	0	8	901120	[[4, 3], [8, 2]]	600 575	0 0	4500 4500	0 0	4500 4500	1099/1667/	memory clock offset: set +4500 on every GPU, readback 4500 4500	600 575	power policy stock, core offset 0: readback limit W 600 575 | core offset 0 0	NEW	prefill-merge-r1 1 1
B-specbench-c2	B	specbench	2	2026-10-01T22:02:51+00:00	262e9c31f714724409635fbac9df8ac2	tabbyapi:r825c-hostprepare	sha256:aa04a1cbe94b60bbd91e3d69d15f5e1b6eb679f14885e599404de218d8a897c9	49	b80407c61365	46	0	8	901120	[[4, 3], [8, 2]]	600 575	0 0	4500 4500	0 0	4500 4500	1099/1667/	memory clock offset: set +4500 on every GPU, readback 4500 4500	600 575	power policy stock, core offset 0: readback limit W 600 575 | core offset 0 0	NEW	prefill-merge-r1 1 1
B-specbench-c4	B	specbench	4	2026-10-01T22:13:42+00:00	262e9c31f714724409635fbac9df8ac2	tabbyapi:r825c-hostprepare	sha256:aa04a1cbe94b60bbd91e3d69d15f5e1b6eb679f14885e599404de218d8a897c9	49	b80407c61365	46	0	8	901120	[[4, 3], [8, 2]]	600 575	0 0	4500 4500	0 0	4500 4500	1099/1667/	memory clock offset: set +4500 on every GPU, readback 4500 4500	600 575	power policy stock, core offset 0: readback limit W 600 575 | core offset 0 0	NEW	prefill-merge-r1 1 1
B-specbench-c8	B	specbench	8	2026-10-01T22:22:39+00:00	262e9c31f714724409635fbac9df8ac2	tabbyapi:r825c-hostprepare	sha256:aa04a1cbe94b60bbd91e3d69d15f5e1b6eb679f14885e599404de218d8a897c9	49	b80407c61365	46	0	8	901120	[[4, 3], [8, 2]]	600 575	0 0	4500 4500	0 0	4500 4500	1099/1667/	memory clock offset: set +4500 on every GPU, readback 4500 4500	600 575	power policy stock, core offset 0: readback limit W 600 575 | core offset 0 0	NEW	prefill-merge-r1 1 1
