tag	pass	dataset	conc	serial_lo	serial_hi	warmups	catfile	rc	container	n_req	t0	t1
A-sharegpt-c1	A	sharegpt	1	8	436	0	-	0	cells/container-A-sharegpt-c1.log	400	2026-10-01T19:35:16+00:00	2026-10-01T19:41:34+00:00
A-sharegpt-c2	A	sharegpt	2	10	430	0	-	0	cells/container-A-sharegpt-c2.log	400	2026-10-01T19:48:49+00:00	2026-10-01T19:53:24+00:00
A-sharegpt-c4	A	sharegpt	4	12	428	0	-	0	cells/container-A-sharegpt-c4.log	400	2026-10-01T19:58:51+00:00	2026-10-01T20:02:25+00:00
A-sharegpt-c8	A	sharegpt	8	15	429	0	-	0	cells/container-A-sharegpt-c8.log	400	2026-10-01T20:06:47+00:00	2026-10-01T20:09:40+00:00
A-specbench-c1	A	specbench	1	8	523	0	-	0	cells/container-A-specbench-c1.log	480	2026-10-01T20:13:25+00:00	2026-10-01T20:21:47+00:00
A-specbench-c2	A	specbench	2	9	514	0	-	0	cells/container-A-specbench-c2.log	480	2026-10-01T20:31:08+00:00	2026-10-01T20:36:57+00:00
A-specbench-c4	A	specbench	4	12	512	0	-	0	cells/container-A-specbench-c4.log	480	2026-10-01T20:43:50+00:00	2026-10-01T20:48:27+00:00
A-specbench-c8	A	specbench	8	16	513	0	-	0	cells/container-A-specbench-c8.log	480	2026-10-01T20:53:51+00:00	2026-10-01T20:57:47+00:00
B-sharegpt-c1	B	sharegpt	1	8	435	0	-	0	cells/container-B-sharegpt-c1.log	400	2026-10-01T21:09:15+00:00	2026-10-01T21:15:30+00:00
B-sharegpt-c2	B	sharegpt	2	9	429	0	-	0	cells/container-B-sharegpt-c2.log	400	2026-10-01T21:20:45+00:00	2026-10-01T21:25:13+00:00
B-sharegpt-c4	B	sharegpt	4	12	427	0	-	0	cells/container-B-sharegpt-c4.log	400	2026-10-01T21:29:21+00:00	2026-10-01T21:32:46+00:00
B-sharegpt-c8	B	sharegpt	8	16	429	0	-	0	cells/container-B-sharegpt-c8.log	400	2026-10-01T21:36:21+00:00	2026-10-01T21:39:12+00:00
B-specbench-c1	B	specbench	1	8	523	0	-	0	cells/container-B-specbench-c1.log	480	2026-10-01T21:48:23+00:00	2026-10-01T21:56:34+00:00
B-specbench-c2	B	specbench	2	9	514	0	-	0	cells/container-B-specbench-c2.log	480	2026-10-01T22:03:12+00:00	2026-10-01T22:08:59+00:00
B-specbench-c4	B	specbench	4	12	511	0	-	0	cells/container-B-specbench-c4.log	480	2026-10-01T22:14:05+00:00	2026-10-01T22:18:32+00:00
B-specbench-c8	B	specbench	8	15	512	0	-	0	cells/container-B-specbench-c8.log	480	2026-10-01T22:23:01+00:00	2026-10-01T22:26:42+00:00
