tag	pass	dataset	conc	t_boot	launcher_md5	image	image_id	env_n	env_sha	keys_n	window	slots	cache	policy	power_limit_w	gpc_boot	mem_boot	gpc_after	mem_after	vram_free	mem_line	pwr_after	pwr_line
A-sharegpt-c1	A	sharegpt	1	2026-09-27T15:30:50+00:00	e3db755f24a24192711e7edb96347d83	tabbyapi:rebase-dev-r3	sha256:30ed33eb6036	44	8f759ff267cb	42	0	8	901120	[[4, 3], [8, 2]]	600 575	0 0	4500 4500	0 0	4500 4500	1181/1759/	memory clock offset: set +4500 on every GPU, readback 4500 4500	600 575	power policy stock, core offset 0: readback limit W 600 575 | core offset 0 0
A-sharegpt-c2	A	sharegpt	2	2026-09-27T15:37:44+00:00	e3db755f24a24192711e7edb96347d83	tabbyapi:rebase-dev-r3	sha256:30ed33eb6036	44	8f759ff267cb	42	0	8	901120	[[4, 3], [8, 2]]	600 575	0 0	4500 4500	0 0	4500 4500	1181/1759/	memory clock offset: set +4500 on every GPU, readback 4500 4500	600 575	power policy stock, core offset 0: readback limit W 600 575 | core offset 0 0
A-sharegpt-c4	A	sharegpt	4	2026-09-27T15:42:54+00:00	e3db755f24a24192711e7edb96347d83	tabbyapi:rebase-dev-r3	sha256:30ed33eb6036	44	8f759ff267cb	42	0	8	901120	[[4, 3], [8, 2]]	600 575	0 0	4500 4500	0 0	4500 4500	1181/1759/	memory clock offset: set +4500 on every GPU, readback 4500 4500	600 575	power policy stock, core offset 0: readback limit W 600 575 | core offset 0 0
A-sharegpt-c8	A	sharegpt	8	2026-09-27T15:47:01+00:00	e3db755f24a24192711e7edb96347d83	tabbyapi:rebase-dev-r3	sha256:30ed33eb6036	44	8f759ff267cb	42	0	8	901120	[[4, 3], [8, 2]]	600 575	0 0	4500 4500	0 0	4500 4500	1181/1759/	memory clock offset: set +4500 on every GPU, readback 4500 4500	600 575	power policy stock, core offset 0: readback limit W 600 575 | core offset 0 0
A-specbench-c1	A	specbench	1	2026-09-27T15:50:35+00:00	e3db755f24a24192711e7edb96347d83	tabbyapi:rebase-dev-r3	sha256:30ed33eb6036	44	8f759ff267cb	42	0	8	901120	[[4, 3], [8, 2]]	600 575	0 0	4500 4500	0 0	4500 4500	1181/1759/	memory clock offset: set +4500 on every GPU, readback 4500 4500	600 575	power policy stock, core offset 0: readback limit W 600 575 | core offset 0 0
A-specbench-c2	A	specbench	2	2026-09-27T15:59:32+00:00	e3db755f24a24192711e7edb96347d83	tabbyapi:rebase-dev-r3	sha256:30ed33eb6036	44	8f759ff267cb	42	0	8	901120	[[4, 3], [8, 2]]	600 575	0 0	4500 4500	0 0	4500 4500	1181/1759/	memory clock offset: set +4500 on every GPU, readback 4500 4500	600 575	power policy stock, core offset 0: readback limit W 600 575 | core offset 0 0
A-specbench-c4	A	specbench	4	2026-09-27T16:06:04+00:00	e3db755f24a24192711e7edb96347d83	tabbyapi:rebase-dev-r3	sha256:30ed33eb6036	44	8f759ff267cb	42	0	8	901120	[[4, 3], [8, 2]]	600 575	0 0	4500 4500	0 0	4500 4500	1181/1759/	memory clock offset: set +4500 on every GPU, readback 4500 4500	600 575	power policy stock, core offset 0: readback limit W 600 575 | core offset 0 0
A-specbench-c8	A	specbench	8	2026-09-27T16:11:14+00:00	e3db755f24a24192711e7edb96347d83	tabbyapi:rebase-dev-r3	sha256:30ed33eb6036	44	8f759ff267cb	42	0	8	901120	[[4, 3], [8, 2]]	600 575	0 0	4500 4500	0 0	4500 4500	1181/1759/	memory clock offset: set +4500 on every GPU, readback 4500 4500	600 575	power policy stock, core offset 0: readback limit W 600 575 | core offset 0 0
B-sharegpt-c1	B	sharegpt	1	2026-09-27T16:15:43+00:00	e3db755f24a24192711e7edb96347d83	tabbyapi:rebase-dev-r3	sha256:30ed33eb6036	44	8f759ff267cb	42	0	8	901120	[[4, 3], [8, 2]]	600 575	0 0	4500 4500	0 0	4500 4500	1181/1759/	memory clock offset: set +4500 on every GPU, readback 4500 4500	600 575	power policy stock, core offset 0: readback limit W 600 575 | core offset 0 0
B-sharegpt-c2	B	sharegpt	2	2026-09-27T16:22:37+00:00	e3db755f24a24192711e7edb96347d83	tabbyapi:rebase-dev-r3	sha256:30ed33eb6036	44	8f759ff267cb	42	0	8	901120	[[4, 3], [8, 2]]	600 575	0 0	4500 4500	0 0	4500 4500	1181/1759/	memory clock offset: set +4500 on every GPU, readback 4500 4500	600 575	power policy stock, core offset 0: readback limit W 600 575 | core offset 0 0
B-sharegpt-c4	B	sharegpt	4	2026-09-27T16:27:46+00:00	e3db755f24a24192711e7edb96347d83	tabbyapi:rebase-dev-r3	sha256:30ed33eb6036	44	8f759ff267cb	42	0	8	901120	[[4, 3], [8, 2]]	600 575	0 0	4500 4500	0 0	4500 4500	1181/1759/	memory clock offset: set +4500 on every GPU, readback 4500 4500	600 575	power policy stock, core offset 0: readback limit W 600 575 | core offset 0 0
B-sharegpt-c8	B	sharegpt	8	2026-09-27T16:31:53+00:00	e3db755f24a24192711e7edb96347d83	tabbyapi:rebase-dev-r3	sha256:30ed33eb6036	44	8f759ff267cb	42	0	8	901120	[[4, 3], [8, 2]]	600 575	0 0	4500 4500	0 0	4500 4500	1181/1759/	memory clock offset: set +4500 on every GPU, readback 4500 4500	600 575	power policy stock, core offset 0: readback limit W 600 575 | core offset 0 0
B-specbench-c1	B	specbench	1	2026-09-27T16:35:28+00:00	e3db755f24a24192711e7edb96347d83	tabbyapi:rebase-dev-r3	sha256:30ed33eb6036	44	8f759ff267cb	42	0	8	901120	[[4, 3], [8, 2]]	600 575	0 0	4500 4500	0 0	4500 4500	1181/1759/	memory clock offset: set +4500 on every GPU, readback 4500 4500	600 575	power policy stock, core offset 0: readback limit W 600 575 | core offset 0 0
B-specbench-c2	B	specbench	2	2026-09-27T16:44:23+00:00	e3db755f24a24192711e7edb96347d83	tabbyapi:rebase-dev-r3	sha256:30ed33eb6036	44	8f759ff267cb	42	0	8	901120	[[4, 3], [8, 2]]	600 575	0 0	4500 4500	0 0	4500 4500	1181/1759/	memory clock offset: set +4500 on every GPU, readback 4500 4500	600 575	power policy stock, core offset 0: readback limit W 600 575 | core offset 0 0
B-specbench-c4	B	specbench	4	2026-09-27T16:50:54+00:00	e3db755f24a24192711e7edb96347d83	tabbyapi:rebase-dev-r3	sha256:30ed33eb6036	44	8f759ff267cb	42	0	8	901120	[[4, 3], [8, 2]]	600 575	0 0	4500 4500	0 0	4500 4500	1181/1759/	memory clock offset: set +4500 on every GPU, readback 4500 4500	600 575	power policy stock, core offset 0: readback limit W 600 575 | core offset 0 0
B-specbench-c8	B	specbench	8	2026-09-27T16:56:04+00:00	e3db755f24a24192711e7edb96347d83	tabbyapi:rebase-dev-r3	sha256:30ed33eb6036	44	8f759ff267cb	42	0	8	901120	[[4, 3], [8, 2]]	600 575	0 0	4500 4500	0 0	4500 4500	1181/1759/	memory clock offset: set +4500 on every GPU, readback 4500 4500	600 575	power policy stock, core offset 0: readback limit W 600 575 | core offset 0 0
