symbol	LDL	STL
_ZN19exl3_moe_coop_v2_ns30exl3_moe_coop_a_nospill_kernelILi3ELi0ELb0EEEv13MoeCoopParams.sass	1	2
_ZN19exl3_moe_coop_v2_ns30exl3_moe_coop_a_nospill_kernelILi3ELi0ELb1EEEv13MoeCoopParams.sass	1	2
_ZN19exl3_moe_coop_v2_ns30exl3_moe_coop_a_nospill_kernelILi3ELi1ELb0EEEv13MoeCoopParams.sass	0	1
_ZN19exl3_moe_coop_v2_ns30exl3_moe_coop_a_nospill_kernelILi3ELi1ELb1EEEv13MoeCoopParams.sass	0	1
_ZN19exl3_moe_coop_v2_ns30exl3_moe_coop_a_nospill_kernelILi3ELi2ELb0EEEv13MoeCoopParams.sass	1	2
_ZN19exl3_moe_coop_v2_ns30exl3_moe_coop_a_nospill_kernelILi3ELi2ELb1EEEv13MoeCoopParams.sass	1	2
_ZN19exl3_moe_coop_v2_ns30exl3_moe_coop_b_nospill_kernelILi3ELi0ELb0EEEv13MoeCoopParams.sass	0	1
_ZN19exl3_moe_coop_v2_ns30exl3_moe_coop_b_nospill_kernelILi3ELi0ELb1EEEv13MoeCoopParams.sass	0	1
_ZN19exl3_moe_coop_v2_ns30exl3_moe_coop_b_nospill_kernelILi3ELi1ELb0EEEv13MoeCoopParams.sass	0	1
_ZN19exl3_moe_coop_v2_ns30exl3_moe_coop_b_nospill_kernelILi3ELi1ELb1EEEv13MoeCoopParams.sass	0	1
_ZN19exl3_moe_coop_v2_ns30exl3_moe_coop_b_nospill_kernelILi3ELi2ELb0EEEv13MoeCoopParams.sass	0	1
_ZN19exl3_moe_coop_v2_ns30exl3_moe_coop_b_nospill_kernelILi3ELi2ELb1EEEv13MoeCoopParams.sass	0	1
