arm	split	pool	boot_free0	boot_free1	ramp_free0	ramp_free1	c1	c30k	layers	verdict
S	30, 30	999424	1041	2531	251	2013	18238d63065ee16c	4a255910dee2d9c5	unparsed
unparsed	ok
S	30, 30	1032192	821	2311	11	1753	18238d63065ee16c	4a255910dee2d9c5	unparsed
unparsed	below-floor
A	29, 31	999424	1041	2531	251	2013	18238d63065ee16c	4a255910dee2d9c5	unparsed
unparsed	ok
A	29, 31	1032192	821	2311	11	1753	18238d63065ee16c	4a255910dee2d9c5	unparsed
unparsed	below-floor
B	31, 29	999424	1041	2531	251	2013	18238d63065ee16c	4a255910dee2d9c5	unparsed
unparsed	ok
B	31, 29	1032192	821	2311	11	1753	18238d63065ee16c	4a255910dee2d9c5	unparsed
unparsed	below-floor
